{
   "version":0,
   "weight_sum_threshold":50,
   "days_before_reminding":7  ,
   "event_max_days":30,
   "disabler_events":[
      "CRASHED"
   ],
   "events":[
      {
         "identifier":"CHECKOUT_CONGRATS_PAYMENT_APPROVED",
         "weight":25
      },
      {
         "identifier":"CHECKOUT_CONGRATS_PAYMENT_TO_BE_AGREED",
         "weight":25
      },
      {
         "identifier":"VIP_VISITED",
         "weight":0
      },
      {
         "identifier":"QUESTION_RESPONSE_RECEIVED",
         "weight":0
      },
      {
         "identifier":"ITEM_BOOKMARKED",
         "weight":0
      },
      {
         "identifier":"QUESTION_CREATED",
         "weight":0
      }
   ],
   "custom_rule_expression": null
}