{
    "mosaic": {
        "v1":{
            "metadata":{
                "column_spacing":"8",
                "interitem_spacing":"8",
                "left":"8",
                "top":"8",
                "botton":"8",
                "right":"8",
                "count_column":"2",
                "height_fixed":"false",
                "height":null,
                "aspect_max":"2",
                "image_width":"auto",
            }
        }
    },
    "list": {
        "v1":{
            "metadata":{
                "column_spacing":"0",
                "interitem_spacing":"0",
                "left":"0",
                "top":"0",
                "botton":"0",
                "right":"0",
                "count_column":"1",
                "height_fixed":"true",
                "height":"70",
                "aspect_max":"2",
                "image_width":"70",
            }
        }
    },
    "gallery": {
        "v1":{
            "metadata":{
                "column_spacing":"8",
                "interitem_spacing":"8",
                "left":"0",
                "top":"0",
                "botton":"13",
                "right":"0",
                "count_column":"1",
                "height_fixed":"false",
                "height":null,
                "aspect_max":"2",
                "image_width":"auto",
            }
        }
    }
}